day,chinook,chum,year,julian
1-Jul,63,0,1993,182
2-Jul,72,0,1993,183
3-Jul,41,0,1993,184
4-Jul,78,0,1993,185
5-Jul,9,0,1993,186
6-Jul,158,0,1993,187
7-Jul,264,0,1993,188
8-Jul,300,15,1993,189
9-Jul,347,9,1993,190
10-Jul,212,32,1993,191
11-Jul,663,57,1993,192
12-Jul,900,126,1993,193
13-Jul,896,59,1993,194
14-Jul,576,126,1993,195
15-Jul,582,153,1993,196
16-Jul,590,158,1993,197
17-Jul,257,41,1993,198
18-Jul,240,87,1993,199
19-Jul,1013,126,1993,200
20-Jul,432,257,1993,201
21-Jul,588,411,1993,202
22-Jul,396,279,1993,203
23-Jul,378,396,1993,204
24-Jul,195,453,1993,205
25-Jul,194,378,1993,206
26-Jul,54,54,1993,207
27-Jul,131,167,1993,208
28-Jul,87,216,1993,209
29-Jul,50,72,1993,210
30-Jul,32,68,1993,211
31-Jul,57,258,1993,212
1-Aug,45,167,1993,213
2-Aug,32,378,1993,214
3-Aug,27,230,1993,215
4-Aug,14,239,1993,216
5-Aug,14,275,1993,217
6-Aug,9,240,1993,218
7-Aug,9,36,1993,219
5-Jul,0,0,1994,186
6-Jul,15,0,1994,187
7-Jul,33,6,1994,188
8-Jul,48,3,1994,189
9-Jul,63,0,1994,190
10-Jul,347,0,1994,191
11-Jul,383,14,1994,192
12-Jul,387,14,1994,193
13-Jul,1518,222,1994,194
14-Jul,1686,366,1994,195
15-Jul,1778,414,1994,196
16-Jul,1126,302,1994,197
17-Jul,385,124,1994,198
18-Jul,1503,531,1994,199
19-Jul,738,428,1994,200
20-Jul,963,690,1994,201
21-Jul,1203,1122,1994,202
22-Jul,621,977,1994,203
23-Jul,720,1877,1994,204
24-Jul,1050,2406,1994,205
25-Jul,1085,3123,1994,206
26-Jul,486,2696,1994,207
27-Jul,684,2808,1994,208
28-Jul,563,2426,1994,209
29-Jul,306,2115,1994,210
30-Jul,255,2565,1994,211
31-Jul,153,3081,1994,212
1-Aug,27,1107,1994,213
2-Aug,90,1584,1994,214
3-Aug,54,873,1994,215
4-Aug,32,972,1994,216
5-Aug,9,1071,1994,217
6-Aug,21,786,1994,218
7-Aug,32,675,1994,219
8-Aug,14,585,1994,220
9-Aug,18,1130,1994,221
10-Aug,3,957,1994,222
11-Aug,5,972,1994,223
12-Aug,0,432,1994,224
5-Jul,0,0,1995,186
6-Jul,18,5,1995,187
7-Jul,45,27,1995,188
8-Jul,228,15,1995,189
9-Jul,150,24,1995,190
10-Jul,607,9,1995,191
11-Jul,612,68,1995,192
12-Jul,864,262,1995,193
13-Jul,1278,126,1995,194
14-Jul,912,198,1995,195
15-Jul,276,111,1995,196
18-Jul,284,180,1995,199
19-Jul,662,180,1995,200
20-Jul,582,163,1995,201
21-Jul,432,453,1995,202
22-Jul,630,474,1995,203
23-Jul,501,534,1995,204
24-Jul,1485,1004,1995,205
25-Jul,594,729,1995,206
26-Jul,402,858,1995,207
27-Jul,382,1229,1995,208
28-Jul,381,2148,1995,209
29-Jul,266,1548,1995,210
30-Jul,183,1317,1995,211
31-Jul,207,1443,1995,212
1-Aug,165,1929,1995,213
2-Aug,60,1653,1995,214
3-Aug,54,1527,1995,215
4-Aug,33,1797,1995,216
5-Aug,46,1118,1995,217
9-Aug,0,1224,1995,221
10-Aug,0,716,1995,222
11-Aug,10,1358,1995,223
12-Aug,0,1188,1995,224
13-Aug,5,783,1995,225
14-Aug,0,252,1995,226
26-Jun,18,0,1997,177
27-Jun,0,0,1997,178
28-Jun,63,0,1997,179
29-Jun,27,9,1997,180
30-Jun,0,0,1997,181
1-Jul,27,0,1997,182
2-Jul,324,45,1997,183
3-Jul,90,0,1997,184
4-Jul,45,0,1997,185
5-Jul,63,0,1997,186
6-Jul,180,9,1997,187
7-Jul,520,0,1997,188
8-Jul,612,24,1997,189
9-Jul,1782,48,1997,190
10-Jul,726,36,1997,191
11-Jul,1032,6,1997,192
12-Jul,954,45,1997,193
13-Jul,1085,106,1997,194
14-Jul,846,186,1997,195
15-Jul,1566,360,1997,196
17-Jul,1090,432,1997,198
18-Jul,858,924,1997,199
19-Jul,1104,918,1997,200
20-Jul,487,571,1997,201
24-Jul,310,2038,1997,205
25-Jul,194,1265,1997,206
26-Jul,126,675,1997,207
27-Jul,180,732,1997,208
28-Jul,216,2142,1997,209
29-Jul,180,3534,1997,210
30-Jul,168,3828,1997,211
31-Jul,174,2634,1997,212
1-Aug,36,1902,1997,213
2-Aug,18,1836,1997,214
3-Aug,75,1653,1997,215
4-Aug,6,1928,1997,216
5-Aug,38,1872,1997,217
6-Aug,38,1690,1997,218
7-Aug,20,838,1997,219
26-Jun,0,0,1998,177
27-Jun,0,0,1998,178
28-Jun,0,0,1998,179
29-Jun,0,0,1998,180
30-Jun,0,0,1998,181
1-Jul,18,0,1998,182
2-Jul,0,0,1998,183
3-Jul,48,0,1998,184
4-Jul,90,0,1998,185
5-Jul,9,0,1998,186
6-Jul,144,0,1998,187
7-Jul,65,7,1998,188
8-Jul,234,0,1998,189
10-Jul,28,9,1998,191
11-Jul,138,12,1998,192
12-Jul,243,18,1998,193
13-Jul,330,36,1998,194
14-Jul,162,72,1998,195
15-Jul,27,9,1998,196
16-Jul,261,72,1998,197
17-Jul,299,219,1998,198
18-Jul,68,90,1998,199
20-Jul,180,144,1998,201
21-Jul,264,220,1998,202
22-Jul,396,528,1998,203
23-Jul,396,348,1998,204
27-Jul,216,216,1998,208
28-Jul,60,564,1998,209
29-Jul,72,1521,1998,210
31-Jul,36,648,1998,212
1-Aug,63,540,1998,213
2-Aug,9,1329,1998,214
3-Aug,42,1950,1998,215
4-Aug,12,1068,1998,216
5-Aug,18,1116,1998,217
6-Aug,6,1452,1998,218
7-Aug,6,1038,1998,219
8-Aug,12,600,1998,220
9-Aug,0,855,1998,221
10-Jul,3,0,1999,191
11-Jul,39,0,1999,192
12-Jul,63,0,1999,193
13-Jul,21,0,1999,194
14-Jul,36,0,1999,195
15-Jul,84,0,1999,196
16-Jul,246,0,1999,197
17-Jul,192,0,1999,198
18-Jul,399,0,1999,199
19-Jul,294,0,1999,200
20-Jul,855,0,1999,201
21-Jul,984,0,1999,202
22-Jul,546,0,1999,203
23-Jul,453,138,1999,204
24-Jul,456,318,1999,205
25-Jul,825,319,1999,206
26-Jul,774,342,1999,207
1-Aug,219,1629,1999,213
2-Aug,174,1338,1999,214
3-Aug,123,1206,1999,215
4-Aug,39,945,1999,216
5-Aug,72,1026,1999,217
6-Aug,0,1168,1999,218
7-Aug,33,1230,1999,219
8-Aug,30,891,1999,220
13-Aug,3,288,1999,225
14-Aug,0,78,1999,226
15-Aug,0,33,1999,227
16-Aug,0,0,1999,228
17-Aug,0,93,1999,229
18-Aug,0,219,1999,230
19-Aug,0,276,1999,231
20-Aug,0,354,1999,232
21-Aug,0,417,1999,233
22-Aug,0,387,1999,234
23-Aug,0,834,1999,235
24-Aug,0,765,1999,236
25-Aug,0,588,1999,237
26-Aug,0,909,1999,238
27-Aug,0,264,1999,239
28-Aug,0,408,1999,240
29-Aug,0,258,1999,241
30-Aug,0,249,1999,242
30-Jun,0,0,2000,181
1-Jul,0,0,2000,182
2-Jul,0,0,2000,183
3-Jul,0,0,2000,184
4-Jul,3,0,2000,185
5-Jul,6,0,2000,186
6-Jul,36,0,2000,187
7-Jul,42,0,2000,188
8-Jul,12,0,2000,189
9-Jul,45,0,2000,190
10-Jul,174,0,2000,191
11-Jul,86,0,2000,192
17-Jul,423,0,2000,198
18-Jul,483,60,2000,199
19-Jul,81,18,2000,200
20-Jul,159,66,2000,201
21-Jul,237,249,2000,202
22-Jul,156,279,2000,203
23-Jul,180,309,2000,204
24-Jul,183,297,2000,205
25-Jul,159,498,2000,206
26-Jul,111,444,2000,207
27-Jul,114,864,2000,208
28-Jul,192,966,2000,209
29-Jul,120,1656,2000,210
30-Jul,18,1842,2000,211
31-Jul,39,2076,2000,212
1-Aug,12,1452,2000,213
2-Aug,51,1494,2000,214
3-Aug,12,903,2000,215
4-Aug,6,1077,2000,216
5-Aug,0,906,2000,217
6-Aug,0,702,2000,218
7-Aug,0,699,2000,219
8-Aug,0,765,2000,220
9-Aug,0,891,2000,221
10-Aug,0,819,2000,222
11-Aug,0,525,2000,223
12-Aug,0,659,2000,224
1-Jul,0,0,2001,182
2-Jul,0,0,2001,183
3-Jul,0,0,2001,184
4-Jul,0,0,2001,185
5-Jul,6,0,2001,186
6-Jul,21,0,2001,187
10-Jul,113,0,2001,191
11-Jul,192,0,2001,192
12-Jul,477,0,2001,193
13-Jul,657,0,2001,194
14-Jul,519,0,2001,195
15-Jul,180,15,2001,196
16-Jul,477,81,2001,197
17-Jul,537,81,2001,198
18-Jul,825,189,2001,199
19-Jul,801,303,2001,200
20-Jul,732,411,2001,201
21-Jul,828,324,2001,202
22-Jul,1425,147,2001,203
23-Jul,1191,252,2001,204
24-Jun,0,0,2003,175
25-Jun,0,0,2003,176
26-Jun,42,0,2003,177
27-Jun,150,0,2003,178
28-Jun,30,0,2003,179
29-Jun,156,0,2003,180
30-Jun,114,0,2003,181
1-Jul,165,0,2003,182
2-Jul,99,0,2003,183
3-Jul,159,0,2003,184
4-Jul,42,0,2003,185
5-Jul,291,0,2003,186
6-Jul,510,0,2003,187
7-Jul,663,0,2003,188
8-Jul,870,0,2003,189
9-Jul,945,3,2003,190
10-Jul,1929,24,2003,191
11-Jul,1542,93,2003,192
12-Jul,966,42,2003,193
13-Jul,774,123,2003,194
14-Jul,1029,216,2003,195
15-Jul,1282,389,2003,196
25-Jun,9,0,2004,176
26-Jun,15,0,2004,177
27-Jun,9,0,2004,178
28-Jun,3,0,2004,179
29-Jun,33,0,2004,180
30-Jun,42,3,2004,181
1-Jul,12,0,2004,182
2-Jul,18,0,2004,183
3-Jul,3,0,2004,184
4-Jul,30,0,2004,185
5-Jul,204,0,2004,186
9-Jul,195,6,2004,190
10-Jul,639,15,2004,191
11-Jul,912,0,2004,192
12-Jul,1500,9,2004,193
13-Jul,876,69,2004,194
14-Jul,2094,453,2004,195
15-Jul,756,639,2004,196
16-Jul,558,354,2004,197
17-Jul,624,327,2004,198
18-Jul,1098,1038,2004,199
19-Jul,885,612,2004,200
20-Jul,696,708,2004,201
21-Jul,672,729,2004,202
22-Jul,1014,603,2004,203
23-Jul,1161,690,2004,204
26-Jul,267,1614,2004,207
27-Jul,114,2073,2004,208
28-Jul,117,2601,2004,209
29-Jul,66,2241,2004,210
30-Jul,84,2010,2004,211
31-Jul,42,1911,2004,212
1-Aug,36,2430,2004,213
5-Aug,12,1539,2004,217
6-Aug,9,1122,2004,218
7-Aug,6,1521,2004,219
8-Aug,3,1200,2004,220
9-Aug,0,1278,2004,221
10-Aug,9,1707,2004,222
11-Aug,3,1137,2004,223
12-Aug,0,1062,2004,224
13-Aug,3,1134,2004,225
14-Aug,6,897,2004,226
15-Aug,0,762,2004,227
16-Aug,3,1014,2004,228
17-Aug,3,783,2004,229
18-Aug,0,627,2004,230
19-Aug,0,621,2004,231
20-Aug,0,609,2004,232
21-Aug,3,421,2004,233
22-Aug,0,180,2004,234
23-Aug,0,324,2004,235
24-Aug,0,327,2004,236
25-Aug,0,171,2004,237
26-Aug,0,156,2004,238
27-Aug,0,177,2004,239
28-Aug,0,180,2004,240
29-Aug,0,186,2004,241
30-Aug,0,174,2004,242
31-Aug,0,141,2004,243
1-Sep,0,186,2004,244
2-Sep,0,135,2004,245
3-Sep,0,117,2004,246
4-Sep,0,95,2004,247
5-Sep,0,81,2004,248
6-Sep,0,81,2004,249
7-Sep,0,144,2004,250
8-Sep,0,177,2004,251
9-Sep,0,114,2004,252
10-Sep,0,141,2004,253
11-Sep,0,144,2004,254
12-Sep,0,102,2004,255
13-Sep,0,81,2004,256
14-Sep,0,101,2004,257
30-Jun,0,0,2005,181
1-Jul,6,0,2005,182
2-Jul,12,0,2005,183
3-Jul,33,0,2005,184
4-Jul,54,0,2005,185
5-Jul,33,0,2005,186
6-Jul,39,0,2005,187
7-Jul,39,0,2005,188
8-Jul,219,0,2005,189
9-Jul,48,0,2005,190
10-Jul,144,0,2005,191
11-Jul,144,0,2005,192
12-Jul,150,0,2005,193
13-Jul,213,0,2005,194
14-Jul,180,33,2005,195
15-Jul,198,99,2005,196
16-Jul,600,315,2005,197
17-Jul,336,150,2005,198
18-Jul,699,255,2005,199
19-Jul,621,447,2005,200
20-Jul,171,66,2005,201
21-Jul,201,249,2005,202
22-Jul,276,654,2005,203
23-Jul,201,1380,2005,204
24-Jul,96,2124,2005,205
25-Jul,210,2571,2005,206
26-Jul,69,3459,2005,207
27-Jul,72,3987,2005,208
28-Jul,63,3573,2005,209
29-Jul,45,3702,2005,210
30-Jul,132,3861,2005,211
31-Jul,144,3357,2005,212
1-Aug,138,3765,2005,213
2-Aug,129,5124,2005,214
3-Aug,90,7545,2005,215
5-Aug,18,14643,2005,217
6-Aug,51,11394,2005,218
7-Aug,24,11040,2005,219
8-Aug,15,8460,2005,220
9-Aug,6,12816,2005,221
10-Aug,27,12762,2005,222
11-Aug,3,11565,2005,223
12-Aug,0,10344,2005,224
13-Aug,6,7398,2005,225
14-Aug,3,7161,2005,226
15-Aug,6,4431,2005,227
16-Aug,0,4350,2005,228
17-Aug,3,3627,2005,229
18-Aug,0,3516,2005,230
19-Aug,0,2214,2005,231
20-Aug,0,1599,2005,232
21-Aug,0,1419,2005,233
22-Aug,0,1884,2005,234
23-Aug,0,1671,2005,235
24-Aug,0,1827,2005,236
25-Aug,0,1904,2005,237
6-Jul,18,0,2006,187
7-Jul,12,0,2006,188
8-Jul,0,0,2006,189
9-Jul,0,0,2006,190
10-Jul,54,0,2006,191
11-Jul,42,6,2006,192
12-Jul,51,3,2006,193
17-Jul,462,12,2006,198
18-Jul,864,111,2006,199
19-Jul,1245,150,2006,200
20-Jul,648,537,2006,201
21-Jul,291,1572,2006,202
22-Jul,915,1944,2006,203
23-Jul,600,2547,2006,204
24-Jul,564,4653,2006,205
25-Jul,1623,8121,2006,206
26-Jul,1482,6471,2006,207
27-Jul,417,6210,2006,208
28-Jul,345,6165,2006,209
29-Jul,183,8004,2006,210
30-Jul,78,8532,2006,211
31-Jul,90,6858,2006,212
1-Aug,51,4881,2006,213
2-Aug,30,5460,2006,214
3-Aug,30,6240,2006,215
4-Aug,60,5151,2006,216
5-Aug,6,5022,2006,217
6-Aug,6,3720,2006,218
7-Aug,12,3261,2006,219
8-Aug,0,2418,2006,220
9-Aug,3,2442,2006,221
10-Aug,0,2343,2006,222
11-Aug,0,2232,2006,223
12-Aug,0,1737,2006,224
13-Aug,0,1146,2006,225
14-Aug,-3,1179,2006,226
15-Aug,0,1053,2006,227
16-Aug,0,1653,2006,228
17-Aug,0,1011,2006,229
18-Aug,0,1005,2006,230
30-Jun,0,0,2007,181
1-Jul,0,0,2007,182
2-Jul,15,0,2007,183
3-Jul,3,0,2007,184
4-Jul,0,0,2007,185
5-Jul,15,0,2007,186
6-Jul,0,0,2007,187
7-Jul,6,0,2007,188
12-Jul,42,0,2007,193
13-Jul,63,0,2007,194
14-Jul,93,0,2007,195
15-Jul,198,0,2007,196
16-Jul,213,0,2007,197
17-Jul,237,0,2007,198
18-Jul,510,9,2007,199
19-Jul,489,90,2007,200
20-Jul,444,66,2007,201
21-Jul,747,72,2007,202
22-Jul,729,75,2007,203
23-Jul,498,90,2007,204
26-Jul,96,147,2007,207
27-Jul,87,471,2007,208
28-Jul,129,573,2007,209
29-Jul,150,588,2007,210
30-Jul,138,765,2007,211
31-Jul,147,843,2007,212
1-Aug,123,879,2007,213
2-Aug,105,1269,2007,214
3-Aug,30,1347,2007,215
4-Aug,108,1806,2007,216
5-Aug,120,1869,2007,217
6-Aug,63,1770,2007,218
6-Jul,24,0,2009,187
7-Jul,39,0,2009,188
8-Jul,96,0,2009,189
9-Jul,207,0,2009,190
10-Jul,138,0,2009,191
11-Jul,234,0,2009,192
12-Jul,246,0,2009,193
13-Jul,519,0,2009,194
14-Jul,918,0,2009,195
15-Jul,984,117,2009,196
16-Jul,174,231,2009,197
17-Jul,165,330,2009,198
18-Jul,807,255,2009,199
19-Jul,435,1188,2009,200
20-Jul,852,1122,2009,201
21-Jul,534,309,2009,202
22-Jul,1032,240,2009,203
23-Jul,660,288,2009,204
24-Jul,540,777,2009,205
25-Jul,411,654,2009,206
26-Jul,951,1263,2009,207
27-Jul,597,1200,2009,208
28-Jul,588,1641,2009,209
29-Jul,258,1836,2009,210
30-Jul,162,1671,2009,211
31-Jul,210,1782,2009,212
1-Aug,261,1413,2009,213
2-Aug,249,966,2009,214
3-Aug,96,1818,2009,215
4-Aug,114,2421,2009,216
5-Aug,60,2667,2009,217
6-Aug,33,1419,2009,218
7-Aug,18,1047,2009,219
8-Aug,111,990,2009,220
9-Aug,30,1764,2009,221
10-Aug,21,1626,2009,222
1-Jul,0,0,2010,182
2-Jul,0,0,2010,183
3-Jul,0,0,2010,184
4-Jul,0,0,2010,185
5-Jul,0,0,2010,186
6-Jul,0,0,2010,187
7-Jul,0,0,2010,188
8-Jul,0,0,2010,189
9-Jul,15,0,2010,190
10-Jul,21,0,2010,191
11-Jul,57,0,2010,192
12-Jul,81,0,2010,193
13-Jul,102,0,2010,194
14-Jul,81,0,2010,195
15-Jul,96,0,2010,196
16-Jul,267,0,2010,197
17-Jul,459,0,2010,198
18-Jul,876,18,2010,199
19-Jul,231,30,2010,200
20-Jul,189,36,2010,201
21-Jul,387,78,2010,202
22-Jul,498,246,2010,203
23-Jul,270,207,2010,204
24-Jul,375,150,2010,205
25-Jul,102,231,2010,206
26-Jul,258,471,2010,207
27-Jul,120,489,2010,208
28-Jul,168,786,2010,209
29-Jul,108,1209,2010,210
30-Jul,189,1446,2010,211
31-Jul,135,1518,2010,212
1-Aug,78,1533,2010,213
2-Aug,81,1428,2010,214
3-Aug,72,1524,2010,215
4-Aug,93,1548,2010,216
5-Aug,66,588,2010,217
6-Aug,24,345,2010,218
7-Aug,18,822,2010,219
8-Aug,72,966,2010,220
9-Aug,117,1140,2010,221
10-Aug,81,1008,2010,222
11-Aug,75,732,2010,223
12-Aug,132,657,2010,224
13-Aug,33,981,2010,225
14-Aug,45,666,2010,226
15-Aug,63,1332,2010,227
17-Jul,115,101,2012,198
18-Jul,249,102,2012,199
19-Jul,453,165,2012,200
20-Jul,411,132,2012,201
21-Jul,171,45,2012,202
22-Jul,198,95,2012,203
23-Jul,333,195,2012,204
24-Jul,726,297,2012,205
25-Jul,597,270,2012,206
26-Jul,738,294,2012,207
27-Jul,984,540,2012,208
28-Jul,651,960,2012,209
29-Jul,453,1143,2012,210
30-Jul,216,1518,2012,211
31-Jul,219,1359,2012,212
1-Aug,123,1839,2012,213
2-Aug,102,1506,2012,214
3-Aug,159,1560,2012,215
4-Aug,60,1761,2012,216
5-Aug,45,2019,2012,217
6-Aug,42,2445,2012,218
7-Aug,60,2616,2012,219
8-Aug,42,2817,2012,220
9-Aug,12,2916,2012,221
10-Aug,9,2487,2012,222
11-Aug,-3,2364,2012,223
12-Aug,0,2130,2012,224
13-Aug,0,2280,2012,225
14-Aug,0,1677,2012,226
15-Aug,0,1434,2012,227
16-Aug,0,1176,2012,228
17-Aug,0,915,2012,229
18-Aug,0,1233,2012,230
19-Aug,0,1179,2012,231
20-Aug,0,1179,2012,232
21-Aug,0,1503,2012,233
9-Jul,0,0,2013,190
10-Jul,9,0,2013,191
11-Jul,9,0,2013,192
12-Jul,12,0,2013,193
13-Jul,103,0,2013,194
14-Jul,18,0,2013,195
15-Jul,282,15,2013,196
16-Jul,336,60,2013,197
17-Jul,348,126,2013,198
18-Jul,336,321,2013,199
19-Jul,528,693,2013,200
20-Jul,135,1155,2013,201
21-Jul,303,972,2013,202
22-Jul,383,889,2013,203
23-Jul,464,806,2013,204
24-Jul,246,1494,2013,205
25-Jul,291,1749,2013,206
26-Jul,330,2430,2013,207
27-Jul,408,2100,2013,208
28-Jul,381,2526,2013,209
29-Jul,120,2967,2013,210
30-Jul,57,3300,2013,211
31-Jul,51,3204,2013,212
1-Aug,54,2934,2013,213
2-Aug,33,3183,2013,214
3-Aug,78,3489,2013,215
4-Aug,87,2754,2013,216
5-Aug,21,3162,2013,217
6-Aug,6,3396,2013,218
7-Aug,3,3540,2013,219
8-Aug,12,2880,2013,220
9-Aug,6,2718,2013,221
10-Aug,6,2154,2013,222
11-Aug,0,1671,2013,223
12-Aug,6,1557,2013,224
13-Aug,3,1341,2013,225
14-Aug,0,1395,2013,226
13-Jul,678,33,2015,194
14-Jul,660,18,2015,195
15-Jul,672,24,2015,196
16-Jul,300,21,2015,197
17-Jul,270,186,2015,198
18-Jul,348,189,2015,199
19-Jul,315,264,2015,200
23-Jul,233,254,2015,204
24-Jul,243,225,2015,205
25-Jul,186,909,2015,206
26-Jul,192,1755,2015,207
27-Jul,223,779,2015,208
31-Jul,5,500,2015,212
1-Aug,0,735,2015,213
2-Aug,0,336,2015,214
3-Aug,3,492,2015,215
4-Aug,27,762,2015,216
5-Aug,60,1005,2015,217
6-Aug,45,630,2015,218
7-Aug,0,399,2015,219
8-Aug,0,171,2015,220
9-Aug,0,207,2015,221
26-Jun,3,0,2016,177
27-Jun,0,0,2016,178
28-Jun,2,0,2016,179
29-Jun,6,0,2016,180
30-Jun,25,0,2016,181
1-Jul,38,0,2016,182
2-Jul,37,0,2016,183
3-Jul,33,1,2016,184
11-Jul,31,0,2016,192
12-Jul,70,3,2016,193
13-Jul,14,23,2016,194
14-Jul,76,51,2016,195
15-Jul,67,57,2016,196
16-Jul,8,26,2016,197
17-Jul,9,9,2016,198
27-Jun,0,0,2017,178
28-Jun,0,0,2017,179
29-Jun,1,0,2017,180
30-Jun,9,1,2017,181
1-Jul,9,0,2017,182
2-Jul,18,2,2017,183
3-Jul,6,3,2017,184
6-Jul,3,2,2017,187
7-Jul,1,0,2017,188
8-Jul,9,1,2017,189
9-Jul,40,2,2017,190
10-Jul,85,41,2017,191
11-Jul,61,24,2017,192
14-Jul,30,7,2017,195
15-Jul,59,25,2017,196
16-Jul,14,16,2017,197
18-Jul,70,98,2017,199
19-Jul,12,36,2017,200
20-Jul,20,195,2017,201
21-Jul,155,492,2017,202
22-Jul,62,327,2017,203
23-Jul,34,193,2017,204
24-Jul,71,686,2017,205
25-Jul,47,383,2017,206
28-Jul,10,333,2017,209
29-Jul,22,827,2017,210
30-Jul,21,953,2017,211
31-Jul,18,652,2017,212
1-Aug,11,240,2017,213
2-Aug,7,208,2017,214
3-Aug,6,195,2017,215
4-Aug,4,132,2017,216
27-Jun,1,0,2018,178
5-Jul,3,0,2018,186
6-Jul,5,0,2018,187
7-Jul,7,0,2018,188
8-Jul,21,0,2018,189
9-Jul,16,0,2018,190
10-Jul,35,0,2018,191
11-Jul,70,14,2018,192
12-Jul,80,0,2018,193
20-Jul,3,4,2018,201
21-Jul,52,61,2018,202
22-Jul,33,98,2018,203
23-Jul,67,121,2018,204
24-Jul,39,133,2018,205
25-Jul,70,189,2018,206
26-Jul,90,269,2018,207
27-Jul,85,298,2018,208
28-Jul,73,186,2018,209
29-Jul,61,225,2018,210
30-Jul,62,522,2018,211
31-Jul,26,692,2018,212
1-Aug,31,1071,2018,213
2-Aug,27,1163,2018,214
3-Aug,50,833,2018,215
4-Aug,27,1009,2018,216
5-Aug,19,356,2018,217
24-Jun,0,0,2019,175
25-Jun,0,0,2019,176
26-Jun,5,0,2019,177
27-Jun,1,0,2019,178
28-Jun,1,0,2019,179
29-Jun,2,0,2019,180
30-Jun,8,0,2019,181
1-Jul,0,0,2019,182
2-Jul,5,0,2019,183
3-Jul,16,0,2019,184
4-Jul,4,0,2019,185
5-Jul,11,0,2019,186
6-Jul,32,0,2019,187
7-Jul,28,0,2019,188
8-Jul,12,2,2019,189
9-Jul,20,1,2019,190
10-Jul,16,0,2019,191
11-Jul,19,24,2019,192
12-Jul,23,5,2019,193
13-Jul,24,1,2019,194
14-Jul,43,6,2019,195
15-Jul,59,11,2019,196
16-Jul,73,38,2019,197
17-Jul,55,23,2019,198
18-Jul,106,13,2019,199
19-Jul,59,18,2019,200
20-Jul,50,8,2019,201
21-Jul,49,18,2019,202
22-Jul,56,17,2019,203
23-Jul,53,18,2019,204
24-Jul,58,33,2019,205
25-Jul,53,28,2019,206
26-Jul,55,22,2019,207
27-Jul,31,6,2019,208
28-Jul,39,12,2019,209
29-Jul,52,23,2019,210
30-Jul,122,81,2019,211
31-Jul,61,74,2019,212
1-Aug,99,86,2019,213
2-Aug,69,60,2019,214
30-Jun,0,0,2021,181
1-Jul,30,0,2021,182
2-Jul,30,0,2021,183
3-Jul,33,0,2021,184
4-Jul,33,0,2021,185
5-Jul,90,0,2021,186
6-Jul,69,0,2021,187
7-Jul,135,0,2021,188
8-Jul,122,21,2021,189
9-Jul,36,6,2021,190
10-Jul,72,0,2021,191
11-Jul,54,0,2021,192
12-Jul,120,0,2021,193
13-Jul,138,3,2021,194
14-Jul,138,39,2021,195
15-Jul,63,49,2021,196
16-Jul,113,21,2021,197
17-Jul,78,24,2021,198
18-Jul,101,21,2021,199
19-Jul,23,12,2021,200
20-Jul,63,57,2021,201
21-Jul,67,75,2021,202
22-Jul,60,87,2021,203
23-Jul,62,111,2021,204
24-Jul,30,117,2021,205
25-Jul,31,50,2021,206
26-Jul,32,85,2021,207
27-Jul,42,93,2021,208
28-Jul,18,130,2021,209
29-Jul,35,108,2021,210
30-Jul,26,57,2021,211
31-Jul,21,36,2021,212
1-Aug,18,87,2021,213
2-Aug,28,109,2021,214
3-Aug,23,99,2021,215
4-Aug,24,69,2021,216
5-Aug,9,108,2021,217
6-Aug,0,99,2021,218
7-Aug,6,168,2021,219
8-Aug,0,111,2021,220
9-Aug,0,64,2021,221
10-Aug,9,77,2021,222
1-Jul,0,0,2022,182
2-Jul,0,0,2022,183
3-Jul,0,0,2022,184
4-Jul,3,0,2022,185
5-Jul,0,0,2022,186
6-Jul,0,0,2022,187
7-Jul,0,0,2022,188
8-Jul,0,0,2022,189
9-Jul,9,0,2022,190
10-Jul,1,1,2022,191
11-Jul,2,1,2022,192
12-Jul,2,2,2022,193
13-Jul,3,2,2022,194
14-Jul,5,3,2022,195
15-Jul,7,3,2022,196
16-Jul,10,4,2022,197
17-Jul,13,5,2022,198
18-Jul,17,6,2022,199
19-Jul,22,6,2022,200
20-Jul,29,8,2022,201
21-Jul,27,7,2022,202
22-Jul,33,42,2022,203
23-Jul,54,27,2022,204
24-Jul,75,12,2022,205
25-Jul,21,11,2022,206
26-Jul,33,3,2022,207
27-Jul,45,21,2022,208
28-Jul,41,0,2022,209
29-Jul,81,33,2022,210
30-Jul,72,198,2022,211
31-Jul,126,41,2022,212
1-Aug,41,333,2022,213
2-Aug,51,110,2022,214
3-Aug,46,106,2022,215
4-Aug,57,66,2022,216
5-Aug,21,44,2022,217
6-Aug,19,94,2022,218
7-Aug,57,33,2022,219
8-Aug,26,6,2022,220
9-Aug,49,34,2022,221
10-Aug,27,13,2022,222
11-Aug,36,20,2022,223
12-Aug,26,46,2022,224
13-Aug,15,45,2022,225
14-Aug,21,111,2022,226
15-Aug,18,99,2022,227
16-Aug,0,117,2022,228
17-Aug,6,201,2022,229
18-Aug,0,108,2022,230
6-Jul,0,0,2023,187
7-Jul,16,14,2023,188
8-Jul,3,0,2023,189
9-Jul,3,0,2023,190
10-Jul,3,16,2023,191
11-Jul,39,0,2023,192
12-Jul,118,12,2023,193
13-Jul,54,36,2023,194
14-Jul,114,30,2023,195
15-Jul,113,9,2023,196
16-Jul,156,0,2023,197
17-Jul,103,22,2023,198
18-Jul,90,45,2023,199
19-Jul,126,27,2023,200
20-Jul,144,26,2023,201
21-Jul,96,26,2023,202
22-Jul,49,0,2023,203
23-Jul,26,32,2023,204
24-Jul,39,48,2023,205
25-Jul,12,22,2023,206
26-Jul,16,36,2023,207
27-Jul,10,4,2023,208
28-Jul,14,69,2023,209
29-Jul,28,37,2023,210
30-Jul,13,46,2023,211
31-Jul,0,18,2023,212
1-Aug,0,45,2023,213
2-Aug,0,72,2023,214
3-Aug,0,45,2023,215
4-Aug,0,55,2023,216
27-Jun,0,0,2024,178
28-Jun,0,0,2024,179
29-Jun,0,0,2024,180
30-Jun,0,0,2024,181
1-Jul,0,0,2024,182
2-Jul,0,3,2024,183
3-Jul,0,0,2024,184
4-Jul,0,1,2024,185
5-Jul,1,1,2024,186
6-Jul,0,0,2024,187
7-Jul,0,0,2024,188
8-Jul,0,0,2024,189
9-Jul,0,0,2024,190
10-Jul,1,1,2024,191
11-Jul,0,4,2024,192
12-Jul,0,0,2024,193
13-Jul,0,0,2024,194
14-Jul,0,0,2024,195
15-Jul,0,0,2024,196
16-Jul,5,20,2024,197
17-Jul,9,0,2024,198
18-Jul,9,2,2024,199
19-Jul,3,2,2024,200
20-Jul,18,12,2024,201
21-Jul,12,12,2024,202
22-Jul,34,14,2024,203
23-Jul,12,35,2024,204
24-Jul,20,34,2024,205
25-Jul,14,26,2024,206
26-Jul,12,27,2024,207
27-Jul,12,17,2024,208
28-Jul,1,5,2024,209
23-Jun,0,0,2025,174
24-Jun,0,0,2025,175
25-Jun,0,0,2025,176
26-Jun,0,0,2025,177
27-Jun,0,0,2025,178
28-Jun,0,0,2025,179
29-Jun,0,0,2025,180
30-Jun,0,0,2025,181
1-Jul,0,0,2025,182
2-Jul,0,0,2025,183
3-Jul,1,0,2025,184
4-Jul,1,0,2025,185
5-Jul,6,0,2025,186
6-Jul,10,0,2025,187
7-Jul,8,0,2025,188
8-Jul,10,4,2025,189
9-Jul,10,7,2025,190
10-Jul,4,0,2025,191
11-Jul,6,3,2025,192
12-Jul,9,10,2025,193
13-Jul,12,8,2025,194
14-Jul,12,3,2025,195
15-Jul,21,13,2025,196
16-Jul,29,5,2025,197
17-Jul,22,10,2025,198
18-Jul,18,9,2025,199
19-Jul,35,11,2025,200
20-Jul,25,20,2025,201
21-Jul,29,24,2025,202
22-Jul,21,45,2025,203
23-Jul,20,23,2025,204
24-Jul,31,18,2025,205
25-Jul,23,28,2025,206
26-Jul,8,17,2025,207
27-Jul,19,46,2025,208
28-Jul,9,22,2025,209
29-Jul,13,17,2025,210
30-Jul,12,49,2025,211
31-Jul,0,0,2025,212
1-Aug,0,0,2025,213
2-Aug,10,59,2025,214
3-Aug,2,16,2025,215
4-Aug,0,0,2025,216
5-Aug,3,31,2025,217
6-Aug,3,60,2025,218
7-Aug,2,32,2025,219
8-Aug,1,70,2025,220
9-Aug,4,49,2025,221
10-Aug,2,39,2025,222
11-Aug,2,37,2025,223
12-Aug,3,35,2025,224
13-Aug,0,22,2025,225
14-Aug,-1,55,2025,226
15-Aug,0,88,2025,227
16-Aug,0,0,2025,228
17-Aug,0,0,2025,229
18-Aug,0,0,2025,230
